UserID,Monthly_Fee,Tenure_Months,Age,Customer_Service_Calls,Churn
1000,19.99,46,20.0,1,Yes
1001,9.99,36,28.0,0,No
1002,19.99,45,62.0,1,Yes
1003,19.99,8,21.0,1,No
1004,9.99,29,43.0,0,No
1005,9.99,55,44.0,2,No
1006,19.99,53,63.0,1,No
1007,14.99,55,60.0,1,No
1008,19.99,32,44.0,3,Yes
1009,19.99,51,59.0,0,No
1010,19.99,44,68.0,0,No
1011,19.99,18,67.0,3,Yes
1012,9.99,6,23.0,1,No
1013,19.99,18,32.0,3,No
1014,14.99,19,47.0,2,No
1015,9.99,22,59.0,4,No
1016,14.99,37,54.0,2,Yes
1017,14.99,32,54.0,4,No
1018,14.99,56,,1,No
1019,14.99,41,54.0,1,Yes
1020,9.99,59,52.0,3,No
1021,9.99,3,,2,No
1022,14.99,28,,0,No
1023,14.99,10,,0,No
1024,9.99,51,35.0,1,No
1025,9.99,35,26.0,2,No
1026,9.99,29,66.0,1,No
1027,19.99,54,46.0,3,Yes
1028,19.99,15,30.0,3,Yes
1029,19.99,33,64.0,0,No
1030,14.99,7,69.0,0,No
1031,19.99,12,,2,Yes
1032,14.99,49,,4,No
1033,14.99,30,49.0,1,No
1034,19.99,21,65.0,0,No
1035,14.99,31,39.0,1,No
1036,19.99,58,,1,No
1037,19.99,24,22.0,2,No
1038,9.99,20,54.0,1,No
1039,19.99,37,58.0,2,No
1040,9.99,4,66.0,0,No
1041,19.99,28,30.0,2,Yes
1042,19.99,44,51.0,4,Yes
1043,9.99,20,62.0,3,Yes
1044,9.99,24,39.0,0,No
1045,19.99,50,40.0,2,No
1046,14.99,49,68.0,2,No
1047,9.99,51,20.0,1,No
1048,14.99,32,59.0,0,No
1049,14.99,41,51.0,2,No
1050,14.99,36,49.0,2,No
1051,9.99,58,62.0,0,No
1052,14.99,53,68.0,1,Yes
1053,9.99,34,,3,No
1054,14.99,36,38.0,2,No
1055,19.99,2,,0,No
1056,19.99,15,61.0,0,No
1057,9.99,34,38.0,2,No
1058,19.99,36,61.0,1,No
1059,19.99,6,28.0,1,No
1060,14.99,39,56.0,3,Yes
1061,9.99,42,21.0,2,No
1062,14.99,51,68.0,0,No
1063,14.99,51,18.0,0,No
1064,14.99,58,45.0,2,No
1065,14.99,54,41.0,0,No
1066,14.99,12,52.0,3,No
1067,14.99,3,30.0,1,No
1068,14.99,45,64.0,1,No
1069,9.99,18,51.0,3,Yes
1070,19.99,40,28.0,1,No
1071,14.99,21,53.0,0,No
1072,14.99,15,68.0,4,Yes
1073,14.99,33,34.0,1,Yes
1074,14.99,35,52.0,3,No
1075,14.99,26,35.0,1,Yes
1076,14.99,8,57.0,3,No
1077,19.99,36,39.0,1,No
1078,19.99,48,,0,No
1079,14.99,30,36.0,1,No
1080,19.99,23,54.0,2,No
1081,9.99,42,56.0,1,No
1082,14.99,44,38.0,0,No
1083,9.99,14,25.0,1,No
1084,9.99,14,45.0,1,No
1085,14.99,2,22.0,2,No
1086,19.99,55,34.0,3,No
1087,9.99,37,54.0,5,No
1088,14.99,5,,3,Yes
1089,9.99,38,36.0,2,No
1090,9.99,45,44.0,3,Yes
1091,9.99,41,,2,No
1092,9.99,54,28.0,2,No
1093,19.99,47,62.0,1,No
1094,9.99,14,64.0,1,No
1095,9.99,56,29.0,1,No
1096,9.99,39,38.0,4,No
1097,19.99,25,28.0,3,No
1098,9.99,20,56.0,1,No
1099,9.99,2,45.0,1,No
1100,19.99,39,22.0,3,Yes
1101,19.99,6,34.0,1,No
1102,19.99,17,37.0,1,Yes
1103,9.99,59,58.0,1,Yes
1104,19.99,25,63.0,1,No
1105,19.99,57,29.0,0,No
1106,9.99,28,23.0,3,Yes
1107,19.99,2,34.0,1,Yes
1108,9.99,35,68.0,0,No
1109,14.99,37,36.0,2,Yes
1110,19.99,5,43.0,1,No
1111,14.99,1,65.0,2,No
1112,9.99,40,61.0,1,No
1113,19.99,12,61.0,2,No
1114,9.99,56,69.0,0,No
1115,14.99,36,49.0,2,No
1116,9.99,45,23.0,1,No
1117,19.99,23,53.0,2,No
1118,19.99,47,55.0,3,Yes
1119,14.99,31,28.0,1,Yes
1120,9.99,11,50.0,2,No
1121,19.99,10,41.0,1,No
1122,14.99,3,40.0,3,No
1123,19.99,54,32.0,1,No
1124,19.99,14,44.0,1,No
1125,9.99,16,28.0,1,No
1126,19.99,10,,1,Yes
1127,9.99,29,67.0,0,No
1128,19.99,10,34.0,1,No
1129,14.99,12,68.0,1,No
1130,19.99,30,31.0,1,No
1131,9.99,41,44.0,1,No
1132,9.99,1,35.0,3,Yes
1133,14.99,5,45.0,0,No
1134,19.99,20,,1,No
1135,19.99,8,64.0,2,Yes
1136,14.99,43,64.0,0,No
1137,19.99,12,21.0,2,Yes
1138,19.99,1,,1,Yes
1139,9.99,57,62.0,3,Yes
1140,19.99,54,52.0,1,No
1141,19.99,20,65.0,4,No
1142,14.99,28,26.0,0,No
1143,14.99,57,25.0,2,No
1144,9.99,43,,1,No
1145,19.99,37,62.0,1,No
1146,19.99,47,34.0,6,Yes
1147,19.99,37,34.0,2,No
1148,9.99,12,66.0,1,Yes
1149,9.99,37,50.0,2,No
1150,14.99,49,49.0,5,Yes
1151,9.99,49,25.0,1,No
1152,19.99,56,,3,Yes
1153,19.99,44,55.0,1,No
1154,9.99,56,20.0,1,No
1155,19.99,28,22.0,0,No
1156,19.99,47,30.0,3,No
1157,9.99,15,64.0,3,No
1158,9.99,6,63.0,2,No
1159,19.99,44,48.0,1,No
1160,19.99,59,33.0,1,No
1161,19.99,20,67.0,2,No
1162,14.99,50,49.0,0,No
1163,14.99,14,39.0,0,Yes
1164,14.99,2,46.0,2,No
1165,9.99,9,,2,No
1166,14.99,37,60.0,2,No
1167,9.99,20,20.0,0,No
1168,9.99,26,,0,No
1169,14.99,29,,1,No
1170,14.99,1,38.0,2,No
1171,14.99,55,33.0,0,No
1172,19.99,35,29.0,1,No
1173,14.99,6,19.0,1,No
1174,19.99,37,58.0,3,No
1175,9.99,53,41.0,0,No
1176,19.99,59,,0,No
1177,14.99,5,47.0,1,No
1178,9.99,33,47.0,2,No
1179,9.99,49,64.0,1,No
1180,9.99,51,52.0,4,No
1181,19.99,14,36.0,2,No
1182,14.99,12,67.0,0,No
1183,9.99,42,,1,No
1184,9.99,20,43.0,3,Yes
1185,9.99,53,66.0,2,No
1186,19.99,50,57.0,1,Yes
1187,19.99,24,24.0,0,Yes
1188,14.99,59,,0,No
1189,19.99,43,,3,Yes
1190,9.99,34,20.0,3,No
1191,14.99,25,,0,No
1192,9.99,50,53.0,2,No
1193,9.99,29,42.0,0,No
1194,19.99,57,54.0,4,No
1195,14.99,39,18.0,0,No
1196,19.99,31,32.0,1,No
1197,19.99,56,54.0,2,No
1198,14.99,47,30.0,0,No
1199,9.99,43,57.0,1,No
1200,9.99,50,25.0,0,No
1201,14.99,23,22.0,3,No
1202,9.99,44,,3,No
1203,14.99,38,18.0,1,No
1204,14.99,20,53.0,2,No
1205,19.99,23,52.0,0,No
1206,14.99,45,19.0,1,No
1207,19.99,52,,3,No
1208,9.99,16,40.0,3,No
1209,9.99,50,26.0,0,No
1210,9.99,42,51.0,0,No
1211,9.99,55,63.0,1,No
1212,19.99,8,31.0,2,No
1213,9.99,50,21.0,0,No
1214,14.99,21,47.0,1,Yes
1215,14.99,1,48.0,2,Yes
1216,14.99,55,55.0,0,No
1217,19.99,8,28.0,0,Yes
1218,9.99,29,52.0,0,No
1219,9.99,32,25.0,2,No
1220,9.99,38,20.0,2,No
1221,19.99,5,31.0,2,No
1222,14.99,47,30.0,1,No
1223,14.99,22,62.0,4,No
1224,9.99,47,,2,No
1225,14.99,34,,2,No
1226,14.99,1,62.0,1,No
1227,19.99,55,36.0,1,No
1228,19.99,55,55.0,2,No
1229,19.99,26,33.0,2,Yes
1230,19.99,43,19.0,1,No
1231,9.99,10,57.0,2,No
1232,19.99,30,34.0,2,No
1233,14.99,50,51.0,0,No
1234,9.99,18,59.0,1,No
1235,14.99,17,33.0,0,No
1236,14.99,26,55.0,3,No
1237,14.99,8,19.0,1,Yes
1238,19.99,47,19.0,2,No
1239,19.99,40,43.0,2,No
1240,9.99,49,30.0,0,No
1241,9.99,12,64.0,4,No
1242,19.99,27,48.0,2,No
1243,14.99,8,,1,Yes
1244,9.99,25,56.0,0,No
1245,19.99,46,20.0,1,No
1246,19.99,4,25.0,1,No
1247,19.99,33,40.0,0,No
1248,14.99,1,31.0,3,Yes
1249,19.99,19,44.0,2,No
1250,19.99,31,,0,No
1251,19.99,16,56.0,2,No
1252,19.99,14,56.0,1,Yes
1253,9.99,53,18.0,0,No
1254,9.99,48,34.0,2,No
1255,19.99,5,58.0,4,Yes
1256,14.99,41,47.0,3,No
1257,9.99,26,30.0,2,No
1258,19.99,28,38.0,2,No
1259,9.99,2,,1,No
1260,9.99,50,36.0,1,No
1261,14.99,6,42.0,3,Yes
1262,19.99,9,39.0,2,No
1263,19.99,33,48.0,1,No
1264,14.99,41,34.0,2,No
1265,14.99,25,40.0,2,Yes
1266,19.99,48,49.0,0,No
1267,19.99,13,27.0,2,No
1268,14.99,9,27.0,0,No
1269,9.99,53,53.0,1,No
1270,9.99,13,25.0,3,No
1271,14.99,31,69.0,4,Yes
1272,9.99,41,37.0,3,No
1273,14.99,11,49.0,1,Yes
1274,9.99,4,67.0,2,Yes
1275,9.99,34,31.0,0,No
1276,19.99,38,67.0,3,Yes
1277,19.99,46,45.0,1,No
1278,9.99,4,63.0,1,No
1279,9.99,38,69.0,0,No
1280,19.99,19,41.0,0,No
1281,19.99,6,32.0,1,Yes
1282,19.99,34,39.0,1,Yes
1283,14.99,18,47.0,1,Yes
1284,9.99,13,21.0,1,No
1285,19.99,41,30.0,1,No
1286,9.99,23,,0,No
1287,14.99,19,25.0,3,Yes
1288,14.99,45,35.0,1,No
1289,19.99,11,29.0,0,No
1290,14.99,1,,0,No
1291,9.99,24,31.0,0,No
1292,19.99,54,51.0,2,Yes
1293,9.99,7,35.0,3,Yes
1294,9.99,25,51.0,0,No
1295,14.99,21,28.0,0,No
1296,14.99,15,58.0,0,No
1297,14.99,1,29.0,1,No
1298,14.99,12,,4,No
1299,14.99,58,32.0,1,No
1300,19.99,7,48.0,0,No
1301,9.99,15,66.0,0,No
1302,9.99,21,46.0,2,No
1303,9.99,19,43.0,1,Yes
1304,9.99,29,35.0,0,No
1305,14.99,25,49.0,1,No
1306,9.99,33,39.0,0,No
1307,19.99,49,55.0,3,No
1308,19.99,32,34.0,1,No
1309,9.99,49,40.0,0,No
1310,9.99,35,41.0,0,No
1311,19.99,44,67.0,3,No
1312,19.99,38,,1,No
1313,14.99,26,58.0,1,No
1314,19.99,11,,2,No
1315,14.99,35,22.0,2,No
1316,14.99,8,,1,No
1317,14.99,46,46.0,1,No
1318,14.99,14,45.0,2,Yes
1319,14.99,10,28.0,2,No
1320,9.99,2,18.0,2,Yes
1321,19.99,46,60.0,1,No
1322,14.99,9,36.0,2,Yes
1323,19.99,3,26.0,2,Yes
1324,19.99,21,44.0,2,No
1325,14.99,26,51.0,0,No
1326,9.99,8,,4,Yes
1327,14.99,48,21.0,2,No
1328,9.99,2,53.0,1,No
1329,19.99,6,35.0,2,No
1330,9.99,28,32.0,2,No
1331,9.99,53,68.0,0,No
1332,9.99,29,30.0,1,Yes
1333,19.99,26,36.0,2,No
1334,19.99,25,66.0,1,Yes
1335,9.99,12,23.0,3,Yes
1336,9.99,5,65.0,1,No
1337,14.99,34,29.0,1,No
1338,9.99,48,68.0,2,Yes
1339,14.99,37,54.0,0,No
1340,9.99,15,34.0,1,No
1341,14.99,44,40.0,1,No
1342,19.99,36,43.0,2,No
1343,9.99,15,46.0,1,No
1344,9.99,43,50.0,2,No
1345,9.99,48,,2,No
1346,9.99,23,42.0,0,No
1347,14.99,6,27.0,4,No
1348,9.99,46,64.0,3,No
1349,19.99,50,40.0,0,Yes
1350,19.99,44,38.0,1,No
1351,9.99,59,,1,No
1352,19.99,43,60.0,2,No
1353,9.99,45,,1,Yes
1354,9.99,21,54.0,0,No
1355,19.99,23,50.0,0,No
1356,9.99,43,41.0,1,Yes
1357,19.99,55,61.0,1,No
1358,14.99,16,28.0,1,No
1359,9.99,47,34.0,4,Yes
1360,14.99,53,,0,No
1361,19.99,15,64.0,3,No
1362,14.99,25,42.0,4,No
1363,14.99,36,47.0,1,No
1364,19.99,11,26.0,1,Yes
1365,14.99,51,38.0,1,No
1366,14.99,15,37.0,0,No
1367,19.99,4,36.0,3,Yes
1368,14.99,21,36.0,2,No
1369,19.99,13,29.0,1,Yes
1370,14.99,22,54.0,3,No
1371,19.99,19,59.0,4,No
1372,19.99,34,34.0,0,No
1373,14.99,14,54.0,3,Yes
1374,14.99,4,65.0,1,No
1375,14.99,48,56.0,2,No
1376,9.99,53,45.0,1,No
1377,9.99,52,58.0,1,No
1378,9.99,46,52.0,3,No
1379,19.99,27,64.0,2,No
1380,14.99,29,65.0,2,Yes
1381,19.99,47,35.0,0,No
1382,9.99,28,31.0,1,No
1383,14.99,35,52.0,1,Yes
1384,19.99,8,61.0,2,No
1385,14.99,16,58.0,3,No
1386,19.99,42,24.0,3,No
1387,14.99,36,58.0,2,Yes
1388,9.99,30,30.0,0,No
1389,9.99,18,35.0,2,Yes
1390,14.99,2,54.0,0,No
1391,19.99,49,,2,No
1392,9.99,13,,3,Yes
1393,9.99,4,48.0,1,Yes
1394,9.99,26,19.0,3,No
1395,14.99,25,33.0,1,No
1396,14.99,30,26.0,0,No
1397,19.99,11,26.0,3,No
1398,19.99,7,55.0,0,No
1399,19.99,31,,2,No
1400,14.99,44,39.0,2,No
1401,14.99,10,50.0,4,Yes
1402,19.99,39,53.0,3,No
1403,19.99,13,,2,No
1404,14.99,31,40.0,2,Yes
1405,19.99,7,62.0,3,Yes
1406,9.99,56,62.0,2,No
1407,14.99,49,51.0,2,No
1408,19.99,42,26.0,0,No
1409,14.99,42,41.0,2,No
1410,9.99,56,25.0,1,Yes
1411,14.99,36,24.0,2,No
1412,14.99,20,53.0,2,Yes
1413,14.99,4,35.0,2,Yes
1414,14.99,54,,2,Yes
1415,9.99,7,,2,No
1416,14.99,54,23.0,2,No
1417,14.99,1,61.0,1,No
1418,19.99,44,61.0,2,No
1419,14.99,56,38.0,4,No
1420,19.99,45,45.0,0,No
1421,9.99,42,57.0,0,No
1422,9.99,47,18.0,1,No
1423,9.99,59,53.0,0,No
1424,9.99,13,38.0,3,No
1425,19.99,55,60.0,0,No
1426,14.99,22,52.0,0,No
1427,9.99,54,30.0,3,No
1428,14.99,21,66.0,1,No
1429,19.99,22,27.0,2,No
1430,19.99,28,61.0,0,No
1431,19.99,9,64.0,0,No
1432,9.99,26,27.0,2,No
1433,14.99,9,63.0,0,No
1434,14.99,15,30.0,0,No
1435,14.99,10,54.0,2,No
1436,19.99,24,55.0,2,No
1437,9.99,58,41.0,2,Yes
1438,19.99,57,19.0,3,No
1439,19.99,42,39.0,2,Yes
1440,14.99,8,34.0,3,No
1441,19.99,24,53.0,2,No
1442,14.99,16,31.0,1,No
1443,9.99,49,27.0,3,No
1444,14.99,26,52.0,1,No
1445,9.99,27,42.0,1,No
1446,14.99,37,20.0,0,No
1447,19.99,4,64.0,1,Yes
1448,19.99,50,,1,No
1449,9.99,24,34.0,3,Yes
1450,9.99,19,29.0,0,No
1451,9.99,36,69.0,1,No
1452,14.99,39,41.0,1,No
1453,14.99,10,46.0,1,No
1454,9.99,25,60.0,1,No
1455,19.99,18,42.0,1,No
1456,14.99,19,53.0,0,No
1457,14.99,36,,1,No
1458,14.99,10,55.0,2,No
1459,9.99,33,18.0,2,No
1460,9.99,55,37.0,0,No
1461,9.99,50,45.0,1,No
1462,9.99,5,33.0,6,No
1463,9.99,47,64.0,1,No
1464,19.99,49,34.0,1,No
1465,19.99,35,57.0,1,No
1466,9.99,44,45.0,1,No
1467,14.99,34,29.0,1,No
1468,9.99,33,44.0,3,No
1469,19.99,55,59.0,1,Yes
1470,19.99,21,,1,No
1471,14.99,17,47.0,0,No
1472,19.99,22,,3,Yes
1473,9.99,48,51.0,0,No
1474,14.99,37,54.0,0,No
1475,9.99,15,23.0,2,No
1476,9.99,35,24.0,1,No
1477,14.99,28,49.0,3,No
1478,9.99,7,49.0,1,Yes
1479,19.99,32,42.0,0,No
1480,9.99,11,50.0,5,No
1481,14.99,10,24.0,1,No
1482,14.99,9,69.0,2,No
1483,14.99,14,29.0,2,No
1484,9.99,13,33.0,0,No
1485,14.99,57,33.0,0,No
1486,14.99,25,60.0,1,No
1487,9.99,2,53.0,3,Yes
1488,19.99,35,30.0,1,No
1489,9.99,7,24.0,2,No
1490,14.99,21,53.0,0,No
1491,14.99,18,64.0,2,Yes
1492,9.99,3,68.0,0,No
1493,19.99,42,26.0,1,No
1494,14.99,54,49.0,0,No
1495,14.99,39,28.0,1,No
1496,14.99,41,25.0,1,No
1497,9.99,49,50.0,0,No
1498,14.99,11,,1,No
1499,19.99,39,42.0,1,Yes
1500,14.99,24,25.0,1,Yes
1501,14.99,46,62.0,2,No
1502,19.99,19,39.0,1,Yes
1503,14.99,4,21.0,3,Yes
1504,9.99,26,57.0,1,No
1505,9.99,38,20.0,0,No
1506,9.99,42,,2,No
1507,19.99,32,58.0,3,No
1508,14.99,39,46.0,2,Yes
1509,9.99,45,,1,Yes
1510,19.99,46,51.0,1,No
1511,14.99,36,45.0,2,No
1512,19.99,40,30.0,2,No
1513,9.99,37,32.0,2,No
1514,9.99,33,40.0,2,No
1515,9.99,36,61.0,2,No
1516,19.99,3,43.0,6,No
1517,19.99,9,21.0,0,No
1518,9.99,8,43.0,2,No
1519,19.99,33,57.0,2,No
1520,9.99,59,26.0,0,No
1521,9.99,6,22.0,2,Yes
1522,14.99,41,49.0,1,No
1523,19.99,39,37.0,1,No
1524,9.99,4,67.0,4,Yes
1525,9.99,13,28.0,3,No
1526,19.99,49,32.0,1,No
1527,14.99,2,49.0,0,No
1528,14.99,5,45.0,0,No
1529,9.99,44,39.0,0,No
1530,19.99,27,58.0,2,No
1531,14.99,32,34.0,2,No
1532,19.99,21,43.0,5,Yes
1533,19.99,8,61.0,1,No
1534,9.99,38,24.0,0,No
1535,14.99,8,59.0,1,No
1536,9.99,50,43.0,2,No
1537,14.99,3,42.0,1,No
1538,14.99,54,27.0,3,No
1539,14.99,44,62.0,2,No
1540,14.99,58,36.0,1,No
1541,14.99,3,28.0,3,Yes
1542,19.99,22,30.0,0,No
1543,9.99,6,25.0,0,No
1544,19.99,2,57.0,1,Yes
1545,14.99,23,21.0,4,No
1546,9.99,44,,2,No
1547,14.99,2,48.0,0,Yes
1548,9.99,38,45.0,1,No
1549,19.99,17,28.0,1,No
1550,9.99,35,60.0,2,No
1551,9.99,34,,3,No
1552,9.99,23,66.0,3,No
1553,9.99,30,64.0,3,No
1554,9.99,52,69.0,1,No
1555,14.99,8,55.0,1,Yes
1556,9.99,22,41.0,1,No
1557,9.99,44,64.0,0,No
1558,19.99,58,48.0,2,No
1559,9.99,36,58.0,1,No
1560,19.99,5,63.0,3,Yes
1561,14.99,13,67.0,2,No
1562,9.99,29,43.0,1,No
1563,19.99,31,66.0,1,No
1564,19.99,47,67.0,2,No
1565,14.99,57,22.0,0,No
1566,9.99,55,37.0,3,No
1567,9.99,16,69.0,1,No
1568,19.99,42,58.0,0,No
1569,9.99,30,,0,No
1570,19.99,57,50.0,1,No
1571,9.99,55,67.0,0,No
1572,19.99,16,,2,No
1573,9.99,12,44.0,1,No
1574,14.99,17,51.0,0,No
1575,9.99,16,32.0,0,No
1576,9.99,12,49.0,1,No
1577,14.99,8,38.0,0,No
1578,9.99,20,63.0,2,No
1579,14.99,3,22.0,1,Yes
1580,9.99,16,23.0,2,No
1581,19.99,30,55.0,1,No
1582,19.99,45,39.0,0,No
1583,9.99,23,35.0,1,No
1584,9.99,28,31.0,6,Yes
1585,9.99,51,27.0,2,No
1586,19.99,40,,1,No
1587,9.99,54,30.0,2,No
1588,19.99,5,48.0,3,Yes
1589,14.99,20,47.0,1,No
1590,19.99,40,20.0,3,Yes
1591,19.99,56,47.0,0,No
1592,14.99,44,23.0,2,No
1593,19.99,1,46.0,0,Yes
1594,9.99,57,25.0,3,Yes
1595,9.99,30,61.0,2,No
1596,19.99,21,62.0,4,Yes
1597,9.99,20,60.0,1,Yes
1598,19.99,6,61.0,3,No
1599,9.99,22,,0,No
1600,9.99,18,34.0,2,Yes
1601,19.99,8,,1,No
1602,9.99,39,28.0,1,No
1603,19.99,32,30.0,0,No
1604,9.99,33,67.0,1,No
1605,9.99,53,28.0,0,No
1606,14.99,16,48.0,0,Yes
1607,14.99,12,45.0,2,No
1608,19.99,38,61.0,0,No
1609,14.99,52,,0,No
1610,19.99,34,58.0,3,No
1611,14.99,14,33.0,2,No
1612,9.99,36,21.0,1,No
1613,19.99,33,52.0,4,No
1614,19.99,23,65.0,2,No
1615,9.99,50,43.0,3,No
1616,19.99,45,29.0,2,No
1617,19.99,2,28.0,1,No
1618,14.99,41,54.0,2,No
1619,19.99,21,42.0,3,No
1620,9.99,2,35.0,2,No
1621,14.99,27,36.0,1,No
1622,14.99,57,40.0,2,No
1623,9.99,9,55.0,2,No
1624,9.99,1,35.0,1,No
1625,14.99,11,43.0,1,No
1626,19.99,3,23.0,0,No
1627,14.99,52,21.0,1,No
1628,9.99,23,61.0,0,No
1629,14.99,26,68.0,2,No
1630,9.99,4,46.0,2,No
1631,14.99,18,51.0,2,Yes
1632,19.99,55,34.0,0,No
1633,14.99,6,60.0,2,Yes
1634,14.99,35,60.0,2,No
1635,9.99,22,33.0,3,No
1636,9.99,43,19.0,3,No
1637,9.99,15,51.0,3,No
1638,14.99,22,25.0,2,No
1639,19.99,37,30.0,2,No
1640,9.99,52,59.0,0,No
1641,9.99,42,25.0,2,No
1642,14.99,12,47.0,2,No
1643,9.99,47,49.0,2,No
1644,19.99,49,53.0,0,No
1645,19.99,42,64.0,0,No
1646,9.99,38,47.0,2,Yes
1647,9.99,18,18.0,1,No
1648,14.99,45,60.0,2,No
1649,19.99,35,56.0,2,No
1650,19.99,30,34.0,4,Yes
1651,9.99,24,37.0,0,No
1652,14.99,42,,1,No
1653,19.99,30,67.0,0,No
1654,19.99,14,39.0,0,No
1655,14.99,6,46.0,0,No
1656,14.99,3,,1,No
1657,19.99,16,61.0,2,Yes
1658,19.99,7,26.0,0,No
1659,14.99,52,54.0,1,No
1660,19.99,14,27.0,3,Yes
1661,9.99,9,53.0,1,No
1662,9.99,15,54.0,3,No
1663,14.99,21,45.0,3,No
1664,14.99,35,45.0,2,No
1665,14.99,2,59.0,1,No
1666,9.99,27,60.0,1,No
1667,19.99,2,38.0,1,No
1668,9.99,35,,1,No
1669,19.99,18,59.0,0,No
1670,9.99,14,57.0,2,Yes
1671,19.99,20,,1,No
1672,9.99,18,25.0,3,No
1673,14.99,10,65.0,2,Yes
1674,9.99,25,44.0,2,No
1675,19.99,2,39.0,0,Yes
1676,9.99,25,54.0,2,No
1677,9.99,54,44.0,1,No
1678,9.99,33,46.0,3,No
1679,14.99,36,,2,Yes
1680,9.99,31,61.0,0,No
1681,14.99,14,30.0,4,Yes
1682,14.99,1,62.0,2,Yes
1683,9.99,46,27.0,3,Yes
1684,9.99,16,53.0,0,No
1685,9.99,54,26.0,1,No
1686,19.99,46,44.0,2,Yes
1687,9.99,52,51.0,2,Yes
1688,14.99,3,68.0,1,No
1689,9.99,35,18.0,1,No
1690,19.99,41,49.0,1,No
1691,9.99,6,,2,No
1692,19.99,25,46.0,3,No
1693,19.99,13,24.0,3,No
1694,9.99,53,,1,No
1695,14.99,34,20.0,1,No
1696,19.99,8,37.0,1,No
1697,9.99,21,37.0,3,No
1698,9.99,34,47.0,3,No
1699,14.99,4,52.0,2,No
1700,19.99,25,52.0,1,No
1701,19.99,15,66.0,0,No
1702,9.99,4,56.0,1,No
1703,9.99,45,44.0,1,No
1704,14.99,12,43.0,1,No
1705,14.99,32,31.0,2,Yes
1706,19.99,32,34.0,3,Yes
1707,19.99,28,35.0,3,Yes
1708,9.99,13,62.0,1,No
1709,19.99,31,,2,No
1710,14.99,14,46.0,1,No
1711,14.99,20,37.0,2,No
1712,9.99,18,44.0,0,No
1713,14.99,29,35.0,1,No
1714,14.99,6,21.0,0,No
1715,14.99,32,18.0,1,No
1716,14.99,29,67.0,1,No
1717,9.99,43,18.0,1,Yes
1718,9.99,2,43.0,0,No
1719,19.99,23,,2,No
1720,14.99,19,37.0,1,No
1721,19.99,31,69.0,3,Yes
1722,9.99,51,40.0,0,No
1723,9.99,5,27.0,1,No
1724,9.99,19,28.0,4,No
1725,9.99,34,58.0,1,No
1726,9.99,10,58.0,0,No
1727,9.99,25,22.0,1,No
1728,9.99,2,18.0,1,Yes
1729,14.99,11,34.0,2,Yes
1730,19.99,50,39.0,2,No
1731,9.99,31,51.0,3,No
1732,14.99,56,62.0,3,Yes
1733,14.99,15,58.0,2,No
1734,19.99,9,46.0,1,No
1735,9.99,23,,3,No
1736,19.99,19,22.0,1,No
1737,9.99,9,28.0,1,No
1738,14.99,35,68.0,1,No
1739,14.99,21,38.0,1,No
1740,14.99,9,52.0,1,No
1741,14.99,28,29.0,0,No
1742,19.99,46,43.0,3,No
1743,9.99,51,68.0,3,Yes
1744,9.99,7,36.0,3,No
1745,19.99,16,62.0,2,No
1746,9.99,16,24.0,1,No
1747,14.99,33,64.0,1,Yes
1748,9.99,4,24.0,1,No
1749,14.99,4,43.0,2,No
1750,19.99,39,,0,No
1751,9.99,40,22.0,0,No
1752,19.99,17,38.0,2,Yes
1753,9.99,37,31.0,0,No
1754,14.99,39,21.0,4,No
1755,19.99,52,,0,No
1756,9.99,29,59.0,0,No
1757,14.99,52,37.0,1,No
1758,19.99,36,32.0,1,Yes
1759,19.99,38,67.0,4,No
1760,9.99,39,69.0,1,No
1761,9.99,50,62.0,1,No
1762,9.99,37,46.0,2,Yes
1763,14.99,52,25.0,1,No
1764,9.99,35,58.0,5,Yes
1765,19.99,7,65.0,3,No
1766,19.99,27,,4,Yes
1767,9.99,28,,2,No
1768,9.99,22,56.0,1,No
1769,19.99,14,63.0,1,No
1770,14.99,7,45.0,2,No
1771,9.99,37,63.0,1,No
1772,9.99,22,44.0,2,No
1773,19.99,5,21.0,2,No
1774,9.99,55,,1,No
1775,14.99,2,52.0,1,No
1776,19.99,27,54.0,1,No
1777,9.99,21,18.0,3,No
1778,19.99,54,20.0,1,No
1779,9.99,38,64.0,2,No
1780,9.99,15,,3,Yes
1781,9.99,21,44.0,1,No
1782,14.99,10,57.0,0,Yes
1783,14.99,23,53.0,3,No
1784,19.99,58,51.0,2,No
1785,9.99,56,46.0,1,Yes
1786,9.99,39,41.0,2,No
1787,14.99,5,41.0,0,No
1788,9.99,1,59.0,0,Yes
1789,14.99,13,21.0,0,No
1790,9.99,21,20.0,2,No
1791,19.99,26,51.0,0,Yes
1792,9.99,50,66.0,2,No
1793,9.99,45,40.0,1,No
1794,14.99,21,69.0,1,No
1795,9.99,53,40.0,3,Yes
1796,9.99,18,,1,No
1797,14.99,37,22.0,1,Yes
1798,19.99,45,48.0,0,No
1799,19.99,32,58.0,4,No
1800,14.99,36,23.0,0,No
1801,14.99,17,54.0,4,No
1802,14.99,35,27.0,1,No
1803,14.99,49,57.0,2,Yes
1804,14.99,11,24.0,1,No
1805,19.99,21,56.0,1,No
1806,19.99,52,55.0,1,No
1807,14.99,55,38.0,1,No
1808,9.99,53,37.0,1,No
1809,14.99,26,20.0,1,No
1810,9.99,4,68.0,0,No
1811,14.99,34,,3,Yes
1812,14.99,52,64.0,1,No
1813,19.99,48,21.0,0,No
1814,9.99,18,45.0,3,No
1815,9.99,40,29.0,1,No
1816,19.99,35,55.0,2,No
1817,19.99,41,68.0,1,No
1818,19.99,29,53.0,2,No
1819,19.99,52,64.0,1,No
1820,9.99,29,58.0,2,No
1821,9.99,38,22.0,4,Yes
1822,14.99,42,30.0,0,No
1823,14.99,21,40.0,1,No
1824,19.99,42,,0,No
1825,19.99,13,47.0,0,No
1826,19.99,49,54.0,2,No
1827,14.99,41,42.0,0,No
1828,14.99,17,65.0,1,No
1829,14.99,56,44.0,0,No
1830,14.99,9,68.0,0,Yes
1831,14.99,41,31.0,3,Yes
1832,14.99,1,65.0,3,Yes
1833,14.99,2,64.0,1,No
1834,19.99,48,,3,No
1835,19.99,29,56.0,1,No
1836,19.99,33,,5,No
1837,19.99,10,39.0,1,No
1838,14.99,50,38.0,3,Yes
1839,9.99,58,38.0,1,No
1840,14.99,40,25.0,2,No
1841,9.99,21,66.0,1,No
1842,19.99,28,33.0,2,Yes
1843,14.99,11,48.0,0,No
1844,19.99,55,59.0,2,No
1845,14.99,34,27.0,1,No
1846,19.99,8,49.0,1,No
1847,9.99,59,51.0,2,No
1848,9.99,22,26.0,1,No
1849,9.99,8,34.0,2,No
1850,14.99,49,28.0,0,No
1851,9.99,15,49.0,0,No
1852,14.99,17,,2,No
1853,9.99,23,39.0,1,No
1854,9.99,24,34.0,1,No
1855,14.99,45,21.0,4,No
1856,14.99,19,65.0,2,Yes
1857,9.99,5,69.0,1,Yes
1858,14.99,32,64.0,1,No
1859,9.99,44,42.0,1,No
1860,14.99,1,38.0,2,No
1861,19.99,23,54.0,1,No
1862,19.99,37,,3,No
1863,19.99,8,66.0,0,No
1864,19.99,13,18.0,0,No
1865,19.99,8,42.0,4,Yes
1866,9.99,57,68.0,2,No
1867,19.99,23,53.0,2,No
1868,19.99,43,34.0,1,No
1869,19.99,1,58.0,3,Yes
1870,19.99,45,41.0,3,No
1871,14.99,51,19.0,2,Yes
1872,9.99,24,57.0,0,No
1873,19.99,35,32.0,0,No
1874,19.99,24,49.0,0,No
1875,19.99,17,56.0,1,No
1876,9.99,5,23.0,0,No
1877,14.99,20,18.0,2,No
1878,9.99,21,64.0,0,No
1879,14.99,40,40.0,4,No
1880,19.99,58,,0,No
1881,19.99,31,34.0,0,No
1882,9.99,46,,0,No
1883,9.99,36,58.0,2,Yes
1884,14.99,11,46.0,0,No
1885,14.99,52,26.0,2,No
1886,9.99,15,30.0,1,No
1887,14.99,19,23.0,2,No
1888,9.99,7,23.0,1,No
1889,14.99,51,37.0,2,No
1890,9.99,28,,3,No
1891,9.99,51,20.0,0,No
1892,9.99,43,34.0,3,Yes
1893,14.99,58,66.0,3,No
1894,14.99,5,29.0,2,No
1895,14.99,5,65.0,1,No
1896,9.99,30,,1,No
1897,14.99,54,62.0,3,No
1898,14.99,32,18.0,2,Yes
1899,9.99,8,34.0,1,No
1900,19.99,10,,2,No
1901,9.99,38,43.0,0,No
1902,14.99,47,32.0,0,No
1903,9.99,32,53.0,3,Yes
1904,19.99,48,49.0,1,No
1905,9.99,28,49.0,2,No
1906,14.99,17,21.0,1,No
1907,19.99,31,35.0,1,No
1908,14.99,8,66.0,1,No
1909,19.99,40,36.0,4,No
1910,19.99,25,60.0,0,No
1911,9.99,9,69.0,1,No
1912,9.99,2,52.0,3,Yes
1913,14.99,15,57.0,0,No
1914,9.99,50,31.0,1,No
1915,9.99,3,50.0,1,No
1916,19.99,49,31.0,0,No
1917,9.99,36,51.0,3,Yes
1918,19.99,4,21.0,0,No
1919,19.99,14,41.0,2,No
1920,19.99,41,46.0,0,No
1921,14.99,41,36.0,2,No
1922,14.99,25,23.0,1,No
1923,14.99,58,50.0,3,No
1924,19.99,55,66.0,3,No
1925,14.99,50,57.0,2,No
1926,14.99,10,36.0,3,No
1927,9.99,21,18.0,2,No
1928,14.99,36,22.0,1,No
1929,14.99,12,44.0,0,No
1930,19.99,27,33.0,2,No
1931,19.99,40,23.0,0,No
1932,19.99,2,57.0,1,No
1933,19.99,54,,0,No
1934,19.99,13,65.0,0,No
1935,19.99,53,52.0,4,No
1936,14.99,32,36.0,2,No
1937,19.99,31,29.0,0,No
1938,19.99,16,33.0,3,No
1939,9.99,32,60.0,0,No
1940,14.99,32,27.0,1,Yes
1941,14.99,34,42.0,2,Yes
1942,14.99,11,37.0,2,Yes
1943,19.99,10,48.0,1,No
1944,19.99,15,21.0,4,No
1945,19.99,17,61.0,1,Yes
1946,9.99,40,40.0,2,No
1947,19.99,18,19.0,3,Yes
1948,9.99,55,39.0,0,No
1949,14.99,9,68.0,2,No
1950,19.99,25,54.0,1,No
1951,9.99,40,25.0,1,No
1952,9.99,59,24.0,1,No
1953,19.99,14,31.0,1,No
1954,14.99,58,20.0,2,No
1955,14.99,25,67.0,2,No
1956,14.99,50,33.0,1,No
1957,9.99,22,36.0,2,No
1958,9.99,52,68.0,3,No
1959,9.99,30,35.0,2,No
1960,9.99,20,69.0,2,No
1961,14.99,21,33.0,3,Yes
1962,19.99,44,25.0,1,No
1963,9.99,32,,1,No
1964,9.99,51,66.0,2,No
1965,14.99,46,29.0,0,No
1966,19.99,49,28.0,2,No
1967,19.99,56,22.0,0,No
1968,14.99,21,44.0,1,No
1969,14.99,35,,0,No
1970,19.99,58,34.0,1,No
1971,9.99,32,23.0,1,No
1972,19.99,30,50.0,2,No
1973,14.99,55,22.0,1,No
1974,9.99,39,,2,No
1975,9.99,49,31.0,1,No
1976,14.99,12,22.0,2,Yes
1977,14.99,41,50.0,1,No
1978,14.99,47,67.0,1,No
1979,19.99,18,65.0,1,No
1980,19.99,21,58.0,2,Yes
1981,9.99,13,36.0,2,No
1982,14.99,21,39.0,0,No
1983,9.99,8,22.0,1,No
1984,9.99,46,19.0,0,No
1985,9.99,40,47.0,4,No
1986,9.99,46,64.0,1,No
1987,14.99,7,56.0,2,No
1988,9.99,23,21.0,1,No
1989,14.99,44,50.0,0,No
1990,14.99,32,30.0,0,No
1991,19.99,11,37.0,4,Yes
1992,14.99,22,24.0,0,No
1993,19.99,22,,1,No
1994,14.99,43,40.0,2,No
1995,14.99,25,31.0,0,No
1996,14.99,22,,0,No
1997,19.99,28,36.0,3,No
1998,19.99,29,46.0,1,No
1999,9.99,13,37.0,0,No
2000,19.99,18,46.0,2,No
2001,19.99,2,41.0,2,Yes
2002,19.99,29,35.0,3,No
2003,19.99,21,27.0,0,Yes
2004,9.99,15,58.0,0,No
2005,19.99,52,25.0,0,No
2006,14.99,27,43.0,2,Yes
2007,14.99,50,46.0,1,No
2008,19.99,31,27.0,1,No
2009,19.99,15,34.0,1,No
2010,14.99,51,,1,No
2011,14.99,23,23.0,1,Yes
2012,9.99,24,22.0,0,No
2013,14.99,44,45.0,0,No
2014,14.99,13,58.0,1,Yes
2015,19.99,22,,3,No
2016,14.99,43,35.0,0,No
2017,9.99,37,43.0,0,No
2018,14.99,33,37.0,1,No
2019,19.99,56,,0,No
2020,19.99,3,66.0,0,No
2021,14.99,54,44.0,1,No
2022,19.99,19,,2,No
2023,9.99,23,29.0,0,No
2024,9.99,29,24.0,0,No
2025,14.99,30,20.0,5,Yes
2026,14.99,39,27.0,1,No
2027,14.99,44,51.0,0,No
2028,19.99,47,42.0,0,No
2029,9.99,25,52.0,3,No
2030,9.99,37,33.0,0,No
2031,19.99,47,19.0,2,Yes
2032,9.99,8,41.0,1,Yes
2033,14.99,42,27.0,1,No
2034,14.99,58,55.0,1,No
2035,14.99,16,39.0,2,Yes
2036,9.99,8,43.0,1,No
2037,14.99,1,60.0,0,No
2038,19.99,44,56.0,2,No
2039,19.99,5,44.0,1,No
2040,9.99,3,46.0,1,No
2041,19.99,1,64.0,3,Yes
2042,19.99,4,55.0,2,Yes
2043,9.99,40,37.0,2,No
2044,14.99,35,44.0,4,Yes
2045,14.99,32,58.0,3,Yes
2046,14.99,42,,0,No
2047,9.99,34,61.0,2,No
2048,19.99,43,36.0,1,No
2049,14.99,25,37.0,1,No
2050,14.99,10,52.0,1,No
2051,9.99,21,64.0,3,No
2052,14.99,46,19.0,0,No
2053,9.99,39,47.0,1,No
2054,19.99,27,51.0,4,Yes
2055,9.99,27,39.0,1,No
2056,9.99,2,20.0,2,No
2057,9.99,41,23.0,2,No
2058,9.99,48,32.0,1,No
2059,19.99,13,44.0,1,No
2060,19.99,9,27.0,4,No
2061,14.99,52,26.0,2,No
2062,19.99,36,,2,No
2063,19.99,22,49.0,2,Yes
2064,14.99,42,65.0,3,Yes
2065,19.99,26,23.0,2,No
2066,9.99,58,58.0,1,No
2067,9.99,54,53.0,2,Yes
2068,14.99,12,19.0,1,No
2069,14.99,17,46.0,2,Yes
2070,14.99,14,21.0,2,No
2071,9.99,14,,2,No
2072,19.99,57,36.0,2,No
2073,9.99,34,43.0,2,No
2074,14.99,53,,1,No
2075,19.99,57,27.0,0,No
2076,19.99,20,32.0,2,No
2077,9.99,11,39.0,0,Yes
2078,14.99,16,68.0,0,No
2079,9.99,51,65.0,2,No
2080,19.99,31,38.0,1,Yes
2081,9.99,55,39.0,0,No
2082,9.99,6,,0,No
2083,14.99,56,51.0,1,No
2084,14.99,19,47.0,1,No
2085,19.99,37,42.0,3,No
2086,9.99,58,,2,Yes
2087,9.99,4,45.0,1,No
2088,9.99,47,18.0,1,Yes
2089,19.99,4,66.0,4,Yes
2090,19.99,20,62.0,2,No
2091,14.99,10,21.0,1,No
2092,14.99,24,24.0,1,No
2093,14.99,54,66.0,1,No
2094,9.99,35,26.0,0,No
2095,9.99,26,,3,No
2096,14.99,37,36.0,2,No
2097,9.99,38,18.0,0,No
2098,14.99,21,27.0,5,Yes
2099,19.99,54,53.0,0,No
2100,14.99,40,26.0,1,No
2101,19.99,39,62.0,3,No
2102,9.99,21,63.0,1,No
2103,14.99,10,59.0,2,No
2104,9.99,38,49.0,2,No
2105,19.99,46,49.0,1,No
2106,19.99,4,23.0,3,No
2107,19.99,57,65.0,1,No
2108,9.99,45,55.0,2,Yes
2109,9.99,20,34.0,2,Yes
2110,9.99,17,27.0,2,No
2111,9.99,55,67.0,0,No
2112,19.99,7,44.0,1,Yes
2113,19.99,4,67.0,4,Yes
2114,14.99,29,52.0,0,No
2115,14.99,14,69.0,1,No
2116,9.99,3,38.0,0,No
2117,19.99,24,42.0,2,No
2118,19.99,37,45.0,4,Yes
2119,19.99,16,64.0,3,Yes
2120,14.99,58,32.0,0,No
2121,14.99,55,,1,No
2122,19.99,52,46.0,0,No
2123,19.99,4,26.0,1,No
2124,19.99,56,44.0,3,No
2125,14.99,24,43.0,0,No
2126,19.99,34,36.0,3,No
2127,19.99,30,45.0,2,No
2128,9.99,18,34.0,2,No
2129,9.99,19,60.0,1,No
2130,14.99,31,58.0,2,No
2131,19.99,19,,1,No
2132,19.99,49,67.0,1,No
2133,9.99,46,37.0,6,No
2134,14.99,19,62.0,2,No
2135,9.99,22,57.0,1,No
2136,9.99,24,,2,No
2137,9.99,45,66.0,0,No
2138,9.99,12,40.0,0,No
2139,19.99,30,64.0,2,No
2140,19.99,58,,2,Yes
2141,9.99,38,69.0,1,Yes
2142,14.99,53,64.0,0,No
2143,14.99,31,50.0,1,No
2144,14.99,36,63.0,1,No
2145,14.99,19,,0,No
2146,9.99,48,60.0,1,No
2147,19.99,45,65.0,0,No
2148,14.99,36,51.0,1,No
2149,9.99,30,57.0,0,No
2150,14.99,55,,5,Yes
2151,14.99,49,67.0,4,No
2152,9.99,55,20.0,3,No
2153,19.99,33,50.0,1,No
2154,19.99,18,28.0,1,No
2155,9.99,52,33.0,0,No
2156,19.99,49,35.0,1,No
2157,9.99,59,47.0,3,Yes
2158,9.99,28,65.0,2,No
2159,9.99,59,27.0,0,No
2160,19.99,47,35.0,1,No
2161,9.99,11,55.0,3,No
2162,14.99,57,36.0,2,No
2163,19.99,54,53.0,1,No
2164,19.99,45,30.0,2,Yes
2165,19.99,33,63.0,1,No
2166,19.99,17,20.0,2,No
2167,14.99,6,27.0,2,No
2168,19.99,4,55.0,0,Yes
2169,19.99,20,18.0,2,No
2170,9.99,48,44.0,1,No
2171,19.99,47,63.0,1,No
2172,14.99,27,25.0,2,Yes
2173,14.99,15,68.0,1,No
2174,14.99,6,63.0,1,No
2175,14.99,47,59.0,0,No
2176,19.99,14,34.0,1,No
2177,19.99,11,,2,Yes
2178,14.99,39,23.0,1,No
2179,14.99,9,60.0,3,No
2180,19.99,26,42.0,2,Yes
2181,14.99,16,56.0,0,Yes
2182,9.99,5,66.0,0,No
2183,14.99,57,45.0,2,No
2184,14.99,52,50.0,3,Yes
2185,9.99,10,54.0,0,No
2186,9.99,50,,2,Yes
2187,19.99,3,35.0,2,Yes
2188,19.99,13,38.0,2,No
2189,9.99,43,19.0,0,No
2190,9.99,49,,2,No
2191,19.99,30,55.0,2,No
2192,14.99,54,57.0,0,No
2193,9.99,45,53.0,0,No
2194,19.99,6,67.0,1,No
2195,14.99,17,60.0,1,No
2196,9.99,59,54.0,1,Yes
2197,14.99,45,32.0,1,No
2198,19.99,51,45.0,2,No
2199,9.99,53,35.0,3,Yes
2200,14.99,19,51.0,1,No
2201,9.99,42,39.0,3,Yes
2202,14.99,35,28.0,2,Yes
2203,19.99,46,30.0,3,No
2204,19.99,26,21.0,2,No
2205,9.99,51,,4,No
2206,14.99,5,24.0,2,Yes
2207,9.99,29,60.0,1,No
2208,9.99,37,41.0,1,No
2209,14.99,20,21.0,0,No
2210,14.99,49,45.0,1,No
2211,14.99,21,32.0,1,No
2212,19.99,10,18.0,3,No
2213,9.99,5,,1,No
2214,9.99,36,31.0,0,No
2215,19.99,6,55.0,2,No
2216,14.99,26,67.0,0,No
2217,19.99,4,18.0,0,No
2218,19.99,39,55.0,2,Yes
2219,19.99,39,55.0,2,No
2220,9.99,50,38.0,1,No
2221,19.99,35,65.0,1,No
2222,9.99,1,46.0,0,No
2223,9.99,24,22.0,1,No
2224,9.99,57,66.0,1,No
2225,14.99,36,27.0,1,No
2226,9.99,6,45.0,4,Yes
2227,9.99,41,38.0,2,Yes
2228,14.99,54,67.0,2,No
2229,9.99,46,24.0,1,No
2230,19.99,44,,5,No
2231,19.99,57,62.0,1,No
2232,9.99,31,,3,No
2233,14.99,20,37.0,1,No
2234,19.99,24,36.0,2,No
2235,14.99,25,52.0,2,No
2236,14.99,36,21.0,0,No
2237,19.99,21,22.0,1,No
2238,14.99,30,18.0,3,No
2239,19.99,24,21.0,2,No
2240,14.99,44,29.0,2,No
2241,19.99,42,44.0,2,No
2242,9.99,30,59.0,0,No
2243,19.99,22,40.0,4,Yes
2244,19.99,28,42.0,0,No
2245,19.99,7,38.0,2,No
2246,19.99,35,69.0,1,No
2247,14.99,55,41.0,0,No
2248,9.99,28,42.0,0,No
2249,19.99,14,62.0,2,No
2250,14.99,56,63.0,2,No
2251,9.99,10,49.0,0,No
2252,9.99,16,49.0,0,No
2253,9.99,16,22.0,2,No
2254,9.99,54,53.0,2,No
2255,19.99,31,63.0,1,No
2256,19.99,42,59.0,2,Yes
2257,14.99,25,66.0,1,No
2258,14.99,13,59.0,3,Yes
2259,14.99,6,56.0,1,Yes
2260,9.99,44,33.0,1,No
2261,9.99,9,50.0,6,Yes
2262,19.99,45,66.0,1,No
2263,9.99,36,38.0,1,No
2264,9.99,56,26.0,2,No
2265,9.99,43,23.0,0,No
2266,14.99,20,,1,No
2267,14.99,18,62.0,0,No
2268,19.99,58,52.0,0,No
2269,9.99,43,,1,No
2270,9.99,57,,3,Yes
2271,19.99,21,58.0,2,Yes
2272,9.99,4,22.0,0,Yes
2273,9.99,50,59.0,2,No
2274,14.99,33,40.0,1,No
2275,19.99,27,34.0,3,No
2276,19.99,7,29.0,2,No
2277,19.99,6,40.0,1,Yes
2278,19.99,15,33.0,0,Yes
2279,14.99,18,20.0,3,No
2280,14.99,32,47.0,3,No
2281,9.99,56,39.0,2,No
2282,9.99,11,26.0,2,Yes
2283,9.99,20,46.0,0,No
2284,9.99,24,64.0,0,No
2285,14.99,15,54.0,1,No
2286,19.99,48,40.0,1,No
2287,14.99,7,30.0,1,Yes
2288,9.99,21,49.0,1,No
2289,14.99,42,63.0,2,No
2290,19.99,26,,1,No
2291,19.99,44,64.0,2,No
2292,14.99,56,65.0,0,No
2293,14.99,14,40.0,2,No
2294,14.99,57,62.0,1,No
2295,9.99,37,34.0,1,No
2296,14.99,58,57.0,3,No
2297,14.99,21,38.0,1,No
2298,14.99,18,19.0,2,No
2299,19.99,5,54.0,0,No
2300,19.99,3,23.0,1,No
2301,9.99,23,61.0,1,No
2302,9.99,26,35.0,1,No
2303,19.99,37,47.0,2,No
2304,19.99,24,39.0,1,No
2305,19.99,49,50.0,2,No
2306,14.99,19,47.0,2,No
2307,14.99,51,34.0,2,No
2308,19.99,25,60.0,1,No
2309,14.99,21,49.0,1,No
2310,14.99,12,59.0,0,No
2311,9.99,57,68.0,1,No
2312,19.99,41,31.0,0,No
2313,19.99,33,27.0,1,No
2314,14.99,50,64.0,2,No
2315,19.99,53,68.0,1,Yes
2316,9.99,4,53.0,0,No
2317,9.99,42,,1,No
2318,9.99,57,26.0,2,No
2319,19.99,7,,2,Yes
2320,19.99,22,45.0,0,Yes
2321,19.99,55,28.0,2,No
2322,19.99,33,31.0,2,No
2323,19.99,17,56.0,1,Yes
2324,9.99,24,64.0,0,No
2325,14.99,34,36.0,1,No
2326,9.99,28,32.0,2,Yes
2327,19.99,58,45.0,2,No
2328,9.99,43,41.0,3,No
2329,19.99,41,25.0,2,Yes
2330,19.99,39,,1,No
2331,9.99,22,26.0,0,No
2332,19.99,49,64.0,2,No
2333,14.99,17,50.0,0,No
2334,19.99,34,50.0,2,No
2335,14.99,6,36.0,4,Yes
2336,14.99,46,20.0,2,No
2337,19.99,6,27.0,0,Yes
2338,9.99,34,57.0,2,No
2339,14.99,1,64.0,1,Yes
2340,9.99,10,59.0,1,No
2341,14.99,21,18.0,2,No
2342,19.99,5,46.0,3,No
2343,19.99,2,67.0,0,Yes
2344,14.99,22,51.0,4,No
2345,19.99,48,68.0,1,No
2346,14.99,57,,0,No
2347,19.99,2,18.0,0,Yes
2348,9.99,10,51.0,2,No
2349,19.99,34,46.0,0,No
2350,9.99,16,65.0,4,Yes
2351,19.99,48,64.0,1,Yes
2352,9.99,51,30.0,0,No
2353,19.99,39,65.0,3,No
2354,9.99,22,66.0,1,No
2355,14.99,12,46.0,1,No
2356,14.99,24,56.0,1,No
2357,9.99,47,41.0,1,No
2358,19.99,40,43.0,2,No
2359,9.99,38,34.0,0,No
2360,19.99,59,24.0,2,No
2361,14.99,10,30.0,4,Yes
2362,19.99,35,22.0,0,No
2363,14.99,51,43.0,2,No
2364,19.99,49,66.0,1,No
2365,19.99,32,20.0,2,Yes
2366,19.99,7,24.0,1,No
2367,9.99,21,66.0,2,No
2368,9.99,20,56.0,2,No
2369,14.99,26,18.0,0,No
2370,14.99,4,66.0,3,No
2371,9.99,46,34.0,0,No
2372,14.99,52,60.0,3,No
2373,9.99,22,42.0,2,No
2374,19.99,15,20.0,1,No
2375,14.99,56,32.0,5,No
2376,14.99,40,,0,No
2377,9.99,21,60.0,1,No
2378,14.99,15,49.0,1,No
2379,14.99,22,43.0,0,No
2380,19.99,52,33.0,1,No
2381,14.99,28,42.0,1,No
2382,19.99,14,45.0,1,No
2383,9.99,27,26.0,2,Yes
2384,14.99,41,18.0,2,No
2385,19.99,40,46.0,1,No
2386,9.99,58,39.0,1,No
2387,14.99,28,33.0,2,No
2388,9.99,26,,0,No
2389,14.99,49,68.0,0,No
2390,9.99,2,61.0,2,No
2391,9.99,25,68.0,1,No
2392,19.99,56,58.0,1,No
2393,9.99,3,,1,No
2394,14.99,8,31.0,0,No
2395,14.99,44,46.0,0,No
2396,19.99,33,36.0,2,No
2397,14.99,42,36.0,0,No
2398,14.99,52,,0,No
2399,14.99,35,58.0,1,No
2400,9.99,6,,3,Yes
2401,9.99,39,32.0,0,No
2402,14.99,52,20.0,3,No
2403,19.99,23,28.0,3,No
2404,9.99,25,63.0,2,No
2405,19.99,59,47.0,1,No
2406,14.99,50,57.0,1,No
2407,14.99,43,35.0,2,No
2408,9.99,19,68.0,1,Yes
2409,14.99,5,65.0,3,Yes
2410,9.99,51,19.0,1,No
2411,14.99,11,49.0,1,No
2412,14.99,56,25.0,1,No
2413,9.99,12,,3,No
2414,9.99,10,,2,No
2415,9.99,8,29.0,0,No
2416,14.99,24,64.0,3,Yes
2417,14.99,28,57.0,2,No
2418,19.99,41,53.0,2,No
2419,9.99,36,32.0,3,No
2420,14.99,37,45.0,2,Yes
2421,14.99,21,69.0,1,No
2422,9.99,8,66.0,3,Yes
2423,19.99,55,62.0,3,No
2424,9.99,9,35.0,1,No
2425,19.99,47,19.0,3,Yes
2426,14.99,15,30.0,2,Yes
2427,19.99,48,62.0,2,No
2428,14.99,46,32.0,2,No
2429,9.99,40,37.0,2,No
2430,9.99,18,46.0,4,No
2431,9.99,42,59.0,1,No
2432,19.99,20,46.0,1,No
2433,14.99,6,20.0,1,Yes
2434,9.99,12,36.0,2,No
2435,9.99,2,20.0,0,No
2436,14.99,7,31.0,1,No
2437,9.99,16,57.0,0,No
2438,14.99,3,21.0,4,Yes
2439,14.99,45,69.0,2,No
2440,14.99,3,28.0,4,Yes
2441,14.99,27,48.0,2,No
2442,14.99,50,,1,No
2443,19.99,43,49.0,1,No
2444,9.99,40,44.0,3,No
2445,19.99,38,47.0,3,Yes
2446,9.99,33,60.0,1,No
2447,19.99,28,19.0,0,No
2448,14.99,1,66.0,2,No
2449,9.99,55,26.0,3,No
2450,9.99,8,45.0,2,No
2451,19.99,37,48.0,0,No
2452,19.99,32,51.0,0,No
2453,9.99,48,32.0,2,No
2454,19.99,43,65.0,0,No
2455,19.99,37,42.0,1,No
2456,19.99,4,53.0,1,No
2457,14.99,30,25.0,0,Yes
2458,14.99,6,26.0,1,No
2459,19.99,46,54.0,1,No
2460,19.99,54,65.0,2,No
2461,14.99,19,,2,Yes
2462,14.99,32,56.0,0,No
2463,9.99,9,,3,Yes
2464,9.99,12,69.0,0,No
2465,14.99,11,34.0,1,No
2466,19.99,46,52.0,2,No
2467,19.99,55,,3,No
2468,19.99,16,36.0,0,No
2469,19.99,1,61.0,1,Yes
2470,9.99,45,46.0,1,No
2471,14.99,55,24.0,1,No
2472,19.99,53,45.0,1,No
2473,9.99,21,,1,No
2474,19.99,30,45.0,1,No
2475,14.99,13,23.0,3,No
2476,9.99,34,46.0,0,No
2477,14.99,4,34.0,2,Yes
2478,14.99,28,33.0,1,No
2479,9.99,38,40.0,1,No
2480,9.99,58,48.0,3,No
2481,9.99,31,20.0,2,Yes
2482,9.99,59,38.0,0,No
2483,9.99,55,43.0,0,No
2484,9.99,27,53.0,0,No
2485,9.99,5,59.0,1,No
2486,19.99,25,54.0,1,No
2487,14.99,3,39.0,3,No
2488,9.99,33,59.0,1,No
2489,19.99,4,29.0,1,Yes
2490,19.99,25,59.0,2,No
2491,19.99,20,30.0,2,No
2492,14.99,34,28.0,1,No
2493,9.99,26,33.0,3,No
2494,19.99,5,25.0,0,No
2495,14.99,35,,2,No
2496,14.99,28,57.0,3,Yes
2497,14.99,29,62.0,3,No
2498,19.99,9,19.0,2,No
2499,9.99,52,47.0,2,No
2500,19.99,38,47.0,3,Yes
2501,19.99,50,,1,No
2502,9.99,6,27.0,0,Yes
2503,9.99,19,61.0,1,No
2504,9.99,44,28.0,1,No
2505,14.99,57,32.0,1,No
2506,9.99,11,33.0,3,No
2507,19.99,2,,0,Yes
2508,9.99,47,43.0,2,No
2509,19.99,44,19.0,1,No
2510,14.99,44,67.0,2,No
2511,19.99,9,29.0,0,Yes
2512,19.99,21,68.0,0,No
2513,9.99,24,43.0,2,No
2514,9.99,34,,0,No
2515,19.99,22,35.0,2,No
2516,9.99,3,49.0,1,Yes
2517,14.99,12,66.0,2,No
2518,14.99,28,55.0,2,Yes
2519,9.99,30,64.0,1,No
2520,14.99,26,20.0,2,No
2521,9.99,48,,0,No
2522,19.99,21,,0,No
2523,19.99,28,,1,No
2524,14.99,56,18.0,2,No
2525,9.99,26,47.0,1,No
2526,9.99,33,62.0,0,No
2527,14.99,21,49.0,1,No
2528,19.99,35,,1,No
2529,14.99,52,38.0,1,No
2530,19.99,34,,0,No
2531,9.99,41,30.0,0,No
2532,19.99,51,44.0,1,No
2533,14.99,47,53.0,1,Yes
2534,9.99,18,24.0,0,No
2535,14.99,58,39.0,1,No
2536,14.99,11,27.0,0,No
2537,19.99,57,56.0,1,No
2538,14.99,23,32.0,2,No
2539,19.99,48,32.0,1,No
2540,9.99,22,21.0,2,No
2541,19.99,17,49.0,4,Yes
2542,9.99,5,40.0,1,No
2543,19.99,44,23.0,1,No
2544,14.99,11,41.0,2,No
2545,19.99,30,,2,Yes
2546,19.99,15,54.0,1,No
2547,9.99,27,37.0,1,No
2548,14.99,35,29.0,2,No
2549,19.99,33,50.0,2,No
2550,14.99,20,45.0,2,No
2551,19.99,16,25.0,0,No
2552,19.99,34,18.0,1,No
2553,14.99,2,54.0,2,Yes
2554,19.99,35,39.0,3,No
2555,14.99,40,,1,No
2556,19.99,56,38.0,2,No
2557,9.99,28,49.0,0,No
2558,14.99,47,52.0,1,No
2559,19.99,39,32.0,3,Yes
2560,19.99,6,22.0,0,Yes
2561,9.99,9,63.0,2,Yes
2562,14.99,20,67.0,1,No
2563,19.99,1,65.0,3,Yes
2564,9.99,8,23.0,0,Yes
2565,19.99,55,42.0,2,No
2566,14.99,23,63.0,1,No
2567,19.99,3,57.0,0,No
2568,19.99,4,46.0,1,Yes
2569,19.99,58,24.0,2,Yes
2570,19.99,25,57.0,2,No
2571,9.99,47,30.0,1,No
2572,9.99,38,55.0,0,No
2573,14.99,15,35.0,0,No
2574,9.99,21,19.0,1,No
2575,9.99,35,25.0,3,Yes
2576,14.99,57,28.0,1,No
2577,9.99,53,50.0,0,No
2578,9.99,53,55.0,0,No
2579,14.99,46,65.0,2,No
2580,14.99,52,44.0,0,No
2581,14.99,14,37.0,1,No
2582,19.99,36,29.0,4,No
2583,19.99,12,60.0,2,No
2584,14.99,17,48.0,0,No
2585,14.99,39,,2,Yes
2586,14.99,9,49.0,2,Yes
2587,19.99,35,,4,Yes
2588,19.99,13,20.0,1,No
2589,9.99,15,62.0,1,No
2590,9.99,18,,0,No
2591,14.99,51,52.0,1,No
2592,19.99,33,48.0,0,No
2593,19.99,6,,4,Yes
2594,19.99,59,33.0,1,No
2595,14.99,27,30.0,0,No
2596,9.99,23,66.0,2,No
2597,14.99,59,52.0,2,Yes
2598,9.99,27,69.0,0,No
2599,9.99,34,28.0,3,No
2600,14.99,56,38.0,1,No
2601,9.99,46,68.0,0,No
2602,9.99,38,28.0,2,No
2603,19.99,14,47.0,0,No
2604,9.99,36,65.0,2,No
2605,14.99,53,52.0,1,No
2606,14.99,8,39.0,1,No
2607,9.99,35,55.0,0,No
2608,19.99,19,48.0,1,No
2609,19.99,30,31.0,2,No
2610,9.99,14,41.0,1,No
2611,9.99,59,67.0,4,No
2612,14.99,20,66.0,0,No
2613,9.99,49,49.0,3,No
2614,19.99,25,,3,No
2615,9.99,40,,1,No
2616,14.99,24,32.0,2,No
2617,14.99,14,,1,Yes
2618,14.99,26,52.0,0,No
2619,14.99,38,,0,No
2620,14.99,23,33.0,1,No
2621,9.99,22,22.0,1,No
2622,9.99,48,38.0,0,No
2623,9.99,57,27.0,2,No
2624,9.99,19,36.0,1,No
2625,14.99,46,42.0,0,No
2626,19.99,51,21.0,0,No
2627,9.99,3,46.0,0,No
2628,19.99,42,36.0,4,No
2629,9.99,19,60.0,2,No
2630,9.99,9,19.0,3,No
2631,19.99,28,27.0,1,No
2632,14.99,20,60.0,2,No
2633,9.99,45,42.0,3,No
2634,9.99,7,37.0,3,No
2635,9.99,14,65.0,0,No
2636,19.99,9,36.0,0,No
2637,14.99,59,40.0,3,Yes
2638,19.99,55,41.0,0,No
2639,19.99,57,28.0,2,No
2640,14.99,19,63.0,2,No
2641,19.99,47,51.0,2,No
2642,14.99,52,45.0,3,No
2643,9.99,14,22.0,1,Yes
2644,14.99,56,22.0,3,No
2645,9.99,38,,0,No
2646,19.99,53,38.0,0,No
2647,19.99,36,,3,No
2648,9.99,40,67.0,0,No
2649,19.99,17,21.0,1,No
2650,14.99,30,,1,No
2651,9.99,9,59.0,1,No
2652,19.99,33,37.0,3,Yes
2653,9.99,56,,1,No
2654,14.99,52,42.0,2,No
2655,14.99,25,31.0,0,No
2656,19.99,14,28.0,2,Yes
2657,14.99,11,49.0,1,No
2658,9.99,53,28.0,0,No
2659,14.99,35,,1,Yes
2660,9.99,41,44.0,2,No
2661,9.99,59,35.0,1,No
2662,14.99,14,40.0,1,No
2663,19.99,30,28.0,1,No
2664,14.99,41,38.0,2,No
2665,9.99,4,,2,No
2666,9.99,59,22.0,0,No
2667,14.99,4,40.0,1,No
2668,19.99,28,58.0,1,Yes
2669,19.99,8,42.0,1,No
2670,9.99,2,58.0,2,No
2671,9.99,41,27.0,1,No
2672,19.99,46,39.0,2,No
2673,14.99,22,,1,Yes
2674,9.99,41,18.0,1,No
2675,9.99,56,24.0,3,Yes
2676,19.99,55,21.0,1,No
2677,14.99,16,18.0,0,No
2678,19.99,29,32.0,3,Yes
2679,14.99,49,57.0,1,No
2680,14.99,48,29.0,1,No
2681,14.99,30,39.0,2,Yes
2682,9.99,12,,1,No
2683,19.99,35,,2,No
2684,19.99,11,64.0,2,Yes
2685,14.99,46,34.0,0,No
2686,9.99,50,46.0,1,No
2687,9.99,21,63.0,1,No
2688,19.99,21,31.0,0,No
2689,9.99,5,67.0,0,No
2690,9.99,48,,2,No
2691,14.99,20,67.0,0,No
2692,9.99,37,65.0,2,No
2693,14.99,3,50.0,0,No
2694,19.99,44,60.0,0,No
2695,9.99,33,32.0,0,No
2696,19.99,53,29.0,0,No
2697,19.99,9,57.0,1,No
2698,9.99,9,37.0,1,No
2699,9.99,4,47.0,3,No
2700,19.99,35,55.0,1,No
2701,9.99,17,20.0,4,No
2702,14.99,34,,1,No
2703,14.99,24,43.0,0,No
2704,9.99,32,47.0,1,No
2705,19.99,1,30.0,1,Yes
2706,9.99,8,30.0,2,Yes
2707,9.99,45,19.0,2,Yes
2708,19.99,23,54.0,1,No
2709,19.99,47,66.0,3,Yes
2710,14.99,40,55.0,1,No
2711,19.99,12,19.0,0,Yes
2712,14.99,54,53.0,1,No
2713,19.99,12,43.0,2,No
2714,9.99,46,,1,No
2715,14.99,47,25.0,1,No
2716,14.99,15,61.0,0,No
2717,14.99,41,57.0,0,No
2718,9.99,19,60.0,0,No
2719,9.99,26,39.0,0,No
2720,9.99,52,37.0,1,No
2721,9.99,29,25.0,1,Yes
2722,9.99,22,46.0,1,No
2723,14.99,40,57.0,0,No
2724,9.99,21,43.0,1,No
2725,14.99,51,47.0,4,No
2726,9.99,38,34.0,2,No
2727,19.99,20,37.0,0,No
2728,14.99,57,69.0,2,No
2729,19.99,29,,0,No
2730,14.99,51,63.0,1,No
2731,19.99,4,60.0,1,Yes
2732,9.99,55,24.0,1,No
2733,9.99,7,33.0,2,No
2734,9.99,28,62.0,3,No
2735,14.99,28,64.0,2,No
2736,19.99,4,65.0,0,Yes
2737,9.99,22,44.0,1,No
2738,19.99,12,40.0,0,No
2739,19.99,45,41.0,1,No
2740,9.99,3,26.0,2,Yes
2741,9.99,22,52.0,2,Yes
2742,19.99,44,68.0,0,No
2743,9.99,2,37.0,0,No
2744,9.99,24,54.0,1,No
2745,9.99,34,,0,No
2746,14.99,27,34.0,0,No
2747,19.99,55,64.0,2,No
2748,19.99,41,48.0,0,No
2749,14.99,1,25.0,0,Yes
2750,19.99,8,32.0,2,No
2751,9.99,23,48.0,2,No
2752,19.99,38,47.0,3,No
2753,9.99,6,63.0,1,Yes
2754,14.99,22,,2,No
2755,9.99,25,56.0,1,No
2756,19.99,18,29.0,2,No
2757,19.99,17,66.0,1,No
2758,19.99,12,34.0,3,Yes
2759,14.99,6,59.0,1,No
2760,14.99,26,47.0,1,No
2761,19.99,27,46.0,4,Yes
2762,9.99,8,36.0,0,No
2763,14.99,19,63.0,2,No
2764,19.99,42,28.0,2,No
2765,19.99,1,51.0,1,No
2766,14.99,57,67.0,4,No
2767,14.99,29,24.0,2,Yes
2768,14.99,45,61.0,4,No
2769,9.99,49,51.0,0,No
2770,9.99,35,37.0,1,Yes
2771,19.99,40,,3,No
2772,14.99,14,55.0,3,Yes
2773,9.99,35,41.0,1,No
2774,14.99,48,27.0,0,No
2775,19.99,45,49.0,1,No
2776,9.99,20,69.0,2,No
2777,9.99,56,32.0,2,No
2778,9.99,49,54.0,2,No
2779,19.99,13,37.0,1,No
2780,14.99,38,20.0,1,No
2781,9.99,49,54.0,3,No
2782,19.99,46,57.0,3,No
2783,14.99,49,25.0,2,No
2784,19.99,8,57.0,3,Yes
2785,14.99,43,,2,No
2786,19.99,20,40.0,2,No
2787,14.99,33,57.0,1,No
2788,9.99,26,28.0,0,No
2789,14.99,39,63.0,1,No
2790,19.99,21,25.0,2,Yes
2791,19.99,53,46.0,3,No
2792,14.99,49,,2,No
2793,9.99,42,27.0,1,Yes
2794,9.99,43,56.0,1,No
2795,14.99,54,45.0,0,No
2796,14.99,41,66.0,0,No
2797,19.99,9,53.0,3,No
2798,9.99,24,30.0,1,No
2799,14.99,37,49.0,2,No
2800,9.99,49,53.0,2,No
2801,14.99,41,54.0,1,No
2802,14.99,17,,1,Yes
2803,9.99,24,39.0,2,Yes
2804,14.99,21,21.0,2,No
2805,14.99,51,48.0,1,No
2806,19.99,59,35.0,2,Yes
2807,14.99,39,55.0,1,Yes
2808,14.99,55,41.0,0,No
2809,14.99,41,40.0,0,No
2810,19.99,39,39.0,0,No
2811,9.99,13,19.0,4,No
2812,19.99,11,48.0,3,Yes
2813,19.99,46,,3,No
2814,9.99,19,45.0,0,No
2815,19.99,11,63.0,2,Yes
2816,9.99,13,49.0,2,No
2817,19.99,46,22.0,2,Yes
2818,9.99,45,55.0,3,Yes
2819,14.99,1,,2,No
2820,19.99,40,57.0,1,No
2821,19.99,44,63.0,1,No
2822,19.99,19,41.0,0,No
2823,19.99,12,52.0,1,Yes
2824,14.99,8,61.0,1,Yes
2825,19.99,8,65.0,1,No
2826,14.99,53,40.0,0,No
2827,14.99,45,34.0,0,No
2828,14.99,12,18.0,2,No
2829,14.99,48,48.0,3,No
2830,9.99,33,48.0,1,No
2831,9.99,45,59.0,2,Yes
2832,19.99,26,59.0,1,No
2833,9.99,39,51.0,2,No
2834,9.99,28,26.0,1,No
2835,19.99,58,39.0,2,No
2836,19.99,5,30.0,1,Yes
2837,19.99,8,,1,Yes
2838,9.99,25,65.0,2,No
2839,9.99,27,,2,Yes
2840,19.99,46,68.0,2,Yes
2841,14.99,23,29.0,1,No
2842,19.99,30,57.0,1,No
2843,14.99,45,34.0,0,No
2844,14.99,47,32.0,2,No
2845,19.99,23,59.0,3,No
2846,19.99,49,32.0,1,No
2847,19.99,47,32.0,1,No
2848,9.99,20,56.0,0,No
2849,14.99,18,30.0,0,No
2850,9.99,18,34.0,0,Yes
2851,9.99,2,49.0,0,No
2852,19.99,4,,0,No
2853,9.99,30,57.0,2,No
2854,19.99,33,,2,No
2855,14.99,36,43.0,2,No
2856,19.99,18,44.0,1,No
2857,9.99,37,38.0,1,No
2858,9.99,19,,1,No
2859,19.99,47,30.0,1,No
2860,19.99,28,33.0,0,No
2861,9.99,40,26.0,2,No
2862,14.99,20,29.0,1,No
2863,14.99,49,61.0,0,No
2864,19.99,33,55.0,0,No
2865,14.99,12,36.0,1,No
2866,9.99,58,24.0,0,No
2867,19.99,51,52.0,1,Yes
2868,9.99,15,,1,No
2869,9.99,41,35.0,2,No
2870,14.99,39,,1,No
2871,19.99,2,56.0,1,Yes
2872,19.99,29,21.0,0,No
2873,14.99,41,42.0,2,No
2874,9.99,10,49.0,1,No
2875,9.99,2,57.0,2,No
2876,9.99,51,30.0,2,No
2877,9.99,11,62.0,0,No
2878,19.99,13,34.0,3,Yes
2879,19.99,10,66.0,0,No
2880,14.99,14,54.0,2,Yes
2881,14.99,18,23.0,1,No
2882,19.99,51,36.0,1,No
2883,19.99,54,30.0,5,No
2884,9.99,9,43.0,2,No
2885,9.99,57,,2,No
2886,14.99,39,48.0,1,No
2887,19.99,28,21.0,0,No
2888,14.99,3,56.0,1,No
2889,19.99,20,,1,No
2890,9.99,6,42.0,2,No
2891,14.99,27,30.0,2,Yes
2892,14.99,53,,0,No
2893,19.99,2,55.0,3,No
2894,9.99,29,55.0,1,No
2895,14.99,38,45.0,0,No
2896,9.99,3,47.0,3,No
2897,14.99,16,20.0,2,Yes
2898,9.99,30,45.0,0,No
2899,19.99,40,20.0,0,No
2900,14.99,2,62.0,3,No
2901,14.99,17,51.0,0,Yes
2902,9.99,41,33.0,4,Yes
2903,9.99,12,39.0,2,Yes
2904,14.99,35,49.0,1,No
2905,19.99,43,55.0,0,No
2906,9.99,1,25.0,0,Yes
2907,9.99,55,25.0,0,No
2908,9.99,45,23.0,1,No
2909,14.99,15,31.0,2,No
2910,14.99,26,49.0,0,No
2911,14.99,37,52.0,2,No
2912,14.99,21,,4,No
2913,19.99,49,20.0,1,No
2914,19.99,31,29.0,1,No
2915,14.99,25,66.0,1,No
2916,19.99,23,48.0,4,Yes
2917,9.99,24,,3,Yes
2918,9.99,57,22.0,2,Yes
2919,9.99,38,69.0,3,No
2920,14.99,28,42.0,4,No
2921,9.99,21,58.0,3,Yes
2922,19.99,54,48.0,2,Yes
2923,14.99,43,38.0,1,No
2924,19.99,18,37.0,1,No
2925,9.99,36,56.0,0,No
2926,9.99,35,39.0,1,No
2927,9.99,45,,1,No
2928,14.99,55,30.0,2,No
2929,19.99,9,62.0,2,Yes
2930,14.99,53,59.0,0,No
2931,14.99,38,67.0,1,No
2932,9.99,58,66.0,2,No
2933,14.99,30,37.0,0,Yes
2934,14.99,44,69.0,1,No
2935,9.99,34,30.0,1,No
2936,14.99,32,34.0,0,No
2937,9.99,3,53.0,2,Yes
2938,9.99,3,50.0,2,Yes
2939,9.99,28,18.0,1,No
2940,9.99,44,32.0,1,No
2941,14.99,15,30.0,5,Yes
2942,9.99,41,34.0,4,No
2943,9.99,23,41.0,2,No
2944,14.99,40,25.0,0,No
2945,14.99,11,67.0,1,Yes
2946,19.99,48,44.0,1,No
2947,14.99,32,62.0,2,No
2948,14.99,58,40.0,0,No
2949,19.99,59,63.0,0,No
2950,14.99,57,25.0,3,No
2951,14.99,54,25.0,1,No
2952,14.99,36,43.0,1,No
2953,14.99,33,64.0,0,No
2954,19.99,24,30.0,1,Yes
2955,14.99,39,56.0,2,Yes
2956,14.99,34,54.0,0,No
2957,19.99,56,66.0,1,No
2958,9.99,28,45.0,2,No
2959,19.99,37,42.0,1,No
2960,9.99,7,33.0,2,No
2961,19.99,4,19.0,0,No
2962,19.99,37,35.0,2,Yes
2963,14.99,56,34.0,3,No
2964,9.99,1,47.0,2,No
2965,14.99,1,56.0,3,Yes
2966,9.99,47,30.0,3,No
2967,19.99,20,49.0,3,Yes
2968,19.99,19,67.0,2,No
2969,9.99,29,46.0,1,No
2970,14.99,10,63.0,0,No
2971,14.99,18,47.0,0,No
2972,14.99,28,35.0,1,No
2973,14.99,35,30.0,0,No
2974,19.99,43,60.0,2,Yes
2975,19.99,47,38.0,3,Yes
2976,19.99,31,47.0,2,No
2977,19.99,27,38.0,2,No
2978,19.99,11,65.0,1,No
2979,14.99,49,34.0,0,No
2980,14.99,49,57.0,1,No
2981,14.99,38,,2,Yes
2982,14.99,5,69.0,3,Yes
2983,19.99,8,32.0,1,No
2984,19.99,34,26.0,1,No
2985,19.99,48,69.0,1,No
2986,9.99,52,27.0,1,No
2987,14.99,56,61.0,2,No
2988,14.99,12,,0,No
2989,19.99,38,40.0,3,Yes
2990,14.99,1,69.0,2,No
2991,14.99,31,,2,No
2992,19.99,4,50.0,1,No
2993,9.99,49,69.0,2,No
2994,9.99,45,26.0,3,No
2995,9.99,50,,1,No
2996,19.99,5,18.0,3,Yes
2997,14.99,30,,0,No
2998,19.99,56,52.0,3,No
2999,19.99,24,28.0,3,Yes
